{
  "version": "1.5.1",
  "minLiteAppSDK": "1.2.0",
  "buildType": "development",
  "md5": {
    "Vue3ForFlutterPage.framework.developer.js": "5c401b4a6a9f33a452914927a3c1b1b5",
    "Vue3ForFlutterPage.framework.js": "ea1989d32174ecf31d4e1e551e32f931",
    "VueForFlutterPage.framework.developer.js": "ca72498c745341047dfadac216ea0bfe",
    "VueForFlutterPage.framework.js": "e818b1fdcac1f9d033752805309c9789",
    "VuexForStore.framework.developer.js": "a79765800d8564e1693917de2a50147d",
    "VuexForStore.framework.js": "5f84b8e3c06eb27950bd59e667f88efb",
    "flutter-view.base.developer.js": "2a11679abd24f93cdae1363eccd43dbe",
    "flutter-view.base.js": "1a50d7418ffafd5775af8e1b1e48d4b0",
    "flutter-view.runtime.developer.js": "23ff9c08ad26abc17a6c3433f7f5b916",
    "flutter-view.runtime.js": "c04283c1cad8f3ea43a577735c0068b0",
    "starter.developer.js": "9a60b7f05afec872c0e1674081aadc2b",
    "starter.js": "d9978b723746664d2ab2dcc74e549f65",
    "store.base.developer.js": "c3ec106ef43956dd3463797aa02f70c2",
    "store.base.js": "2e3685923480a64213d8552f1bd746a1",
    "store.runtime.developer.js": "18fd8fe101b73c3eab9d0578105f3b46",
    "store.runtime.js": "690cd21d980a7e2f7a00695f25119baf"
  },
  "buildTime": "2021/10/14 06:17:39",
  "template": {
    "pageCodeTemplate": "\n    function __runner_%instanceId%_%uuid%__(globalThis,runInInstance,createInstance,destroyInstance,callJS,register,setUp,liteAppVDom,reporter,setRuntimeConfig,baseLibApi,frameworks,System) {\n      with (globalThis) {\n        (function() {\n          'use strict';\n          %code%\n        }.call(globalThis));\n      }\n    }\n  ",
    "libCodeTemplate": "\n    function __runner_%instanceId%_%uuid%__(module,globalThis,runInInstance,createInstance,destroyInstance,callJS,register,setUp,liteAppVDom,reporter,setRuntimeConfig,baseLibApi,frameworks,System) {\n      with (globalThis) {\n        (function() {\n          'use strict';\n          %code%\n        }.call(globalThis));\n      }\n    }\n  ",
    "storeCodeTemplate": "\n    function __runner_%instanceId%_%uuid%__(globalThis,runInInstance,createInstance,destroyInstance,callJS,register,setUp,liteAppVDom,reporter,setRuntimeConfig,baseLibApi,frameworks,System) {\n      with (globalThis) {\n        (function() {\n          'use strict';\n          %code%\n        }.call(globalThis));\n      }\n    }\n  "
  },
  "baseLibBundle": {
    "flutterView": {
      "base": [
        {
          "path": "./starter.developer.js"
        },
        {
          "code": "System.currentModuleId = './flutter-view.base.developer.js'"
        },
        {
          "path": "./flutter-view.base.developer.js"
        },
        {
          "code": "System.currentModuleId = './flutter-view.runtime.developer.js'"
        },
        {
          "path": "./flutter-view.runtime.developer.js"
        }
      ],
      "VueForFlutterPage": [
        {
          "code": "System.currentModuleId = './VueForFlutterPage.framework.developer.js'"
        },
        {
          "path": "./VueForFlutterPage.framework.developer.js"
        }
      ],
      "Vue3ForFlutterPage": [
        {
          "code": "System.currentModuleId = './Vue3ForFlutterPage.framework.developer.js'"
        },
        {
          "path": "./Vue3ForFlutterPage.framework.developer.js"
        }
      ]
    },
    "store": {
      "base": [
        {
          "path": "./starter.developer.js"
        },
        {
          "code": "System.currentModuleId = './store.base.developer.js'"
        },
        {
          "path": "./store.base.developer.js"
        },
        {
          "code": "System.currentModuleId = './store.runtime.developer.js'"
        },
        {
          "path": "./store.runtime.developer.js"
        }
      ],
      "VuexForStore": [
        {
          "code": "System.currentModuleId = './VuexForStore.framework.developer.js'"
        },
        {
          "path": "./VuexForStore.framework.developer.js"
        }
      ]
    }
  }
}
