{
  "version": "1.5.1",
  "minLiteAppSDK": "1.2.0",
  "buildType": "production",
  "md5": {
    "Vue3ForFlutterPage.framework.js": "ea1989d32174ecf31d4e1e551e32f931",
    "VueForFlutterPage.framework.js": "e818b1fdcac1f9d033752805309c9789",
    "VuexForStore.framework.js": "5f84b8e3c06eb27950bd59e667f88efb",
    "flutter-view.base.js": "1a50d7418ffafd5775af8e1b1e48d4b0",
    "flutter-view.runtime.js": "c04283c1cad8f3ea43a577735c0068b0",
    "starter.js": "d9978b723746664d2ab2dcc74e549f65",
    "store.base.js": "2e3685923480a64213d8552f1bd746a1",
    "store.runtime.js": "690cd21d980a7e2f7a00695f25119baf"
  },
  "buildTime": "2021/10/14 06:17:22",
  "template": {
    "pageCodeTemplate": "\n    function __runner_%instanceId%_%uuid%__(globalThis,runInInstance,createInstance,destroyInstance,callJS,register,setUp,liteAppVDom,reporter,setRuntimeConfig,baseLibApi,frameworks,System) {\n      with (globalThis) {\n        (function() {\n          'use strict';\n          %code%\n        }.call(globalThis));\n      }\n    }\n  ",
    "libCodeTemplate": "\n    function __runner_%instanceId%_%uuid%__(module,globalThis,runInInstance,createInstance,destroyInstance,callJS,register,setUp,liteAppVDom,reporter,setRuntimeConfig,baseLibApi,frameworks,System) {\n      with (globalThis) {\n        (function() {\n          'use strict';\n          %code%\n        }.call(globalThis));\n      }\n    }\n  ",
    "storeCodeTemplate": "\n    function __runner_%instanceId%_%uuid%__(globalThis,runInInstance,createInstance,destroyInstance,callJS,register,setUp,liteAppVDom,reporter,setRuntimeConfig,baseLibApi,frameworks,System) {\n      with (globalThis) {\n        (function() {\n          'use strict';\n          %code%\n        }.call(globalThis));\n      }\n    }\n  "
  },
  "baseLibBundle": {
    "flutterView": {
      "base": [
        {
          "path": "./starter.js"
        },
        {
          "code": "System.currentModuleId = './flutter-view.base.js'"
        },
        {
          "path": "./flutter-view.base.js"
        },
        {
          "code": "System.currentModuleId = './flutter-view.runtime.js'"
        },
        {
          "path": "./flutter-view.runtime.js"
        }
      ],
      "VueForFlutterPage": [
        {
          "code": "System.currentModuleId = './VueForFlutterPage.framework.js'"
        },
        {
          "path": "./VueForFlutterPage.framework.js"
        }
      ],
      "Vue3ForFlutterPage": [
        {
          "code": "System.currentModuleId = './Vue3ForFlutterPage.framework.js'"
        },
        {
          "path": "./Vue3ForFlutterPage.framework.js"
        }
      ]
    },
    "store": {
      "base": [
        {
          "path": "./starter.js"
        },
        {
          "code": "System.currentModuleId = './store.base.js'"
        },
        {
          "path": "./store.base.js"
        },
        {
          "code": "System.currentModuleId = './store.runtime.js'"
        },
        {
          "path": "./store.runtime.js"
        }
      ],
      "VuexForStore": [
        {
          "code": "System.currentModuleId = './VuexForStore.framework.js'"
        },
        {
          "path": "./VuexForStore.framework.js"
        }
      ]
    }
  }
}
